{
  "TranslationProperties": {
    "Name": "server.items.Deco_Treasure_Pile_Large.name"
  },
  "Categories": [
    "Blocks.Deco"
  ],
  "Set": "Scrap",
  "BlockType": {
    "DrawType": "Model",
    "CustomModel": "Blocks/Dungeons/Treasure_Pile_Large.blockymodel",
    "CustomModelTexture": [
      {
        "Texture": "Blocks/Dungeons/Treasure_Pile_Texture.png",
        "Weight": 1
      },
      {
        "Texture": "Blocks/Dungeons/Treasure_Pile_Texture2.png",
        "Weight": 1
      }
    ],
    "Flags": {},
    "Gathering": {
      "Breaking": {
        "GatherType": "SoftBlocks"
      }
    },
    "BlockParticleSetId": "Metal",
    "BlockSoundSetId": "Coins",
    "Material": "Solid",
    "Opacity": "Semitransparent",
    "RandomRotation": "YawStep1",
    "ParticleColor": "#ffb932",
    "Particles": [
      {
        "SystemId": "Block_Gem_Sparks",
        "Color": "#ffce76",
        "TargetEntityPart": "PrimaryItem"
      }
    ]
  },
  "ResourceTypes": [
    {
      "Id": "Salvage_Gold"
    }
  ],
  "Tags": {
    "Type": [
      "Deco",
      "Ingredient"
    ]
  },
  "PlayerAnimationsId": "Block",
  "IconProperties": {
    "Scale": 0.58823,
    "Rotation": [
      22.5,
      45,
      22.5
    ],
    "Translation": [
      0,
      -13.5
    ]
  },
  "Icon": "Icons/ItemsGenerated/Deco_Treasure_Pile_Large.png",
  "ItemSoundSetId": "ISS_Blocks_Wood"
}
