{
  "TranslationProperties": {
    "Name": "server.items.Ore_Gold.name",
    "Description": "server.items.Ore_Gold.description"
  },
  "Categories": [
    "Blocks.Ores"
  ],
  "Icon": "Icons/ItemsGenerated/Ore_Gold.png",
  "Model": "Resources/Ores/Ore_Large.blockymodel",
  "Texture": "Resources/Ores/Ore_Textures/Gold.png",
  "ItemLevel": 10,
  "PlayerAnimationsId": "Block",
  "IconProperties": {
    "Scale": 0.57323,
    "Translation": [
      -3.6,
      -16.2
    ],
    "Rotation": [
      22.5,
      45,
      22.5
    ]
  },
  "Tags": {
    "Type": [
      "Ore"
    ]
  },
  "ItemEntity": {
    "ParticleSystemId": null
  },
  "MaxStack": 25,
  "ItemSoundSetId": "ISS_Blocks_Stone",
  "DropOnDeath": true
}
